csv_column,csv_unit,imas_unit,csv_dtype,imas_dtype,imas_path,csv_description,imas_description,kind,status,notes,transform,transform_args,needs_source,source_fields,source,
TOK,,,,STR_0D,summary/machine,"This variable designates which tokamak has supplied the data. Possible values are: TOK Address on the WEB TOK_ID ASDEX ASDEX, IPP-Garching Germany1 AUG ASDEX Upgrade, IPP-Garching Germany 2 CMOD Alcator C-mod, MIT USA 3 COMPASSCOMPASS-D, Culham UK 4 D3D DIII-D, GA USA 5 JET JET, EURATOM UK 6 JFT2M JFT-2M, JAERI Japan 7 JT60U JT-60U, JAERI Japan 8 PBXM PBX-M, PPPL USA 9 PDX PDX, PPPL USA 10 TCV TCV, EURATOM Switzerland 11 TEXTOR TEXTOR, EURATOM Germany 12 TFTR TFTR, PPPL USA 13 TDEV TdeV, Montreal, Canada 14 START START, Culham, UK 15 T10 T10, Kurchachov Institute, Russia16 TUMAN3MTUMAN-3M, Ioffe Institute, Russia17 MAST MAST, Culham UK 18 NSTX NSTX, PPPL, USA 19",Name of the experimental device to which this data is related (if relevant),constant,mapped,,identity,109,,,,
TOK_ID,,,,,,This integer variable designates which tokamak has supplied the data. Possible values are listed in table for TOK.,,,discard,Integer tokamak ID. summary/machine (already mapped for TOK) stores the string name. No integer ID field in DD. Suggest temporary.,,,,,,
DIVNAME,,,,,divertors/divertor(0)/name,Describes each device's divertor configuration TOK Possible values ASDEX DV-IPRE DV-IPOST DV-II-O ( no data) DV-II-C 1 <= SHOT <= 13583 13584 <= SHOT <= 20282 20283 <= SHOT <= 25776 25777 <= SHOT AUG DIV-I DIV-II DIV-IIb 4670 <= SHOT <= 8609 9825 <= SHOT <= 13622 15024 <= SHOT CMOD NONAME COMPASS DIV1 D3D OPEN ADP RDP 56348 <= SHOT <= 69648 70678 <= SHOT <= 90768 98889 <= SHOT JET MARK0 MARKI MARKIIA MARKIIAP MARKGB MARKGBSR SHOT < 27968 28792 < SHOT < 35779 35953 < SHOT < 38912 38983 < SHOT < 45081 45202 < SHOT <= 55125 55125 < SHOT JFT2M NONAME JT60U NONAME PBXM NONAME PDX NONAME TCV OPEN TEXTOR NONAME TFTR NONAME TDEV NONAME START OPEN T10 NONAME TUMAN3M NONAME MAST RIB (sketch) PLATES1 NSTX NONAME,,,mapped,,identity,,,,,
LCUPDATE,,,,STR_0D,summary/ids_properties/creation_date,The date of the most recent update for any variable listed in the database. The format is YYYYMMDD (Year-Month-Day).,Date at which this data has been produced,constant,mapped,Database-internal last-update timestamp (YYYYMMDD). No IMAS physics path equivalent. Suggest temporary.,formula,"(lambda s: f'{("""" if len(s)==8 else (""19"" if int(s[:2])>=70 else ""20""))+s[:-4]}-{s[-4:-2]}-{s[-2:]}T00:00:00Z')(str(int(LUPDATE)).zfill(6))",,,,
DATE,,,,STR_0D,summary/pulse_time_begin,The date the shot was taken. The format is YYYYMMDD (Year-Month-Day).,"Date and time (UTC) at which the pulse started on the experiment (if relevant), expressed in a human readable form (ISO 8601) : the format of the string shall be : YYYY-MM-DDTHH:MM:SSZ. Example : 2020-07-24T14:19:00Z",constant,mapped,Processing needed to satisfy format,formula,"(lambda s: f'{("""" if len(s)==8 else (""19"" if int(s[:2])>=70 else ""20""))+s[:-4]}-{s[-4:-2]}-{s[-2:]}T00:00:00Z')(str(int(DATE)).zfill(6))",,,,
SHOT,,,,INT_0D,summary/pulse,The shot from which the data are taken.,Pulse number to which this data is related (if relevant),constant,mapped,,identity,,,,,
TIME,,,,,summary/time(0)&equilibrium/time(0)&divertors/time(0)&core_sources/time(0)&temporary/time(0)&barometry/time(0),Time during the shot at which the data are taken in seconds.,,,mapped,,identity,,,,,
TIME_ID,,,,,,"Integer equivalent of TIME, defined as INT[1000 x ROUND{TIME, 0.001}] where INT is the integer part and ROUND rounds TIME to the 3rd decimal place. Except for TUMAN-3M where INT[100000 x ROUND{TIME, 0.00001}] is used.",,,derived,"Integer encoding of TIME: INT[1000×ROUND(TIME,0.001)]. No IMAS path. Suggest temporary.",,,,,,
T1,,s,,FLT_1D,summary/time_width,Start of main time average window in seconds.,"In case the time-dependent quantities of this IDS are averaged over a time interval, this node is the width of this time interval (empty otherwise). By convention, the time interval starts at time-time_width and ends at time.",dynamic,,Start of main time-averaging window in seconds. No standard IMAS path for time-window boundaries. Suggest temporary.,formula,,,,,
T2,,,,,,End of main time average window in seconds.,,,derived,End of main time-averaging window in seconds. No standard IMAS path. Suggest temporary.,,,,,,
AUXHEAT,,,,,core_sources/source(:)/identifier,Type of auxiliary heating. Possible values are: NONE No Auxiliary heating NB Neutral Beam Injection IC Ion Cyclotron Resonance Heating EC Electron Cyclotron Resonance Heating ECOA Electron Cyclotron Resonance Heating ( Off-axis ) ECIC Combined ECRH + ICRH NBEC Combined NBI + ECRH NBIC Combined NBI + ICRH NBECICCombined NBI + ECRH + ICRH,,,mapped,Not made redundant by corresponding power column,dictionary,"{""EC"":3,""ECH"":3,""IC"":5,""NB"":2,""NBI"":2,""nb"":2,""LH"":4,""ICLH"":[5,4],""NBIC"":[2,5],""NBLH"":[2,4],""NONE"":0,""none"":0}",TRUE,"(""index"",""description"")","NONE = 0, NB = 2, EC = 3, LH = 4, IC = 5",
PHASE,,,constant_string0d(:),,,The phase of the discharge at TIME. Possible values are: OHM Ohmic L L-mode RI Radiative I-mode LHLHL H-mode with frequent LH transitions H ELM-free H-mode HSELM H-mode with small ELMs HSELMH H-mode with high frequency small ELMs HGELM H-mode with large ELMs HGELMH H-mode with high frequency large ELMs H??? ELM-free H-mode to be confirmed HGELM???H-mode with large ELMs to be confirmed,,,discard,,identity,,,,,
HYBRID,,,,,,Hybrid discharge indicator . Possible values are: NO Not a Hybrid discharge YES Hybrid discharge IH Improved H-mode (AUG) HYBRID Hybrid H-mode (DIII-D) UNKNOWNNot checked for HYBRID properties,,,,Hybrid/Improved H-mode discharge indicator string. No dedicated summary flag field in DD. Suggest temporary.,,,,,,
ITB,,,,,,Internal Transport Barrier indicator. Possible values are: NOITB No ITB's - (no data) PREITB Before ITB onset - (no data) ITB ITB present - (no data) UNKNOWNNot checked for ITB,,,,Internal Transport Barrier presence indicator. summary/local/itb* nodes exist for profile quantities but no Boolean ITB-presence flag. Suggest temporary.,,,,,,
ITBTYPE,,,,,,"Type of Internal Transport Barrier. Possible values are: NONE No ITB - (no data) TI Ti ITB - (no data) TE Te ITB - (no data) NE ne ITB - (no data) TITENEITB's in Te, Ti and ne - (no data) NA Not applicable",,,,ITB type string (Ti/Te/ne/combined). No DD field. Suggest temporary.,,,,,,
ELMTYPE,,,,structure,summary/elms/type,Type of ELMs. Possible values are: NONE No ELMs TYPE-I Type I ELMs TYPE-II Type II ELMs ( no data) TYPE-III Type III ELMs TYPE-V Type V ELMs TYPE-1+2 Mixed Type I and Type II ELMs TYPE-1+5 Mixed Type I and Type V ELMs TYPE-RF ICRH ELMs on JET UNKNOWNType has not been determined,"ELMs type (I, II, III, ...)",0,,HIGH CONFIDENCE: summary/elms/type is 'Type of ELMs'; direct semantic match.,,,,,,
ELMFREQ,,Hz,,structure,summary/elms/frequency,The ELM frequency in Hertz. JT60U: Average over 400-500 msec.,ELMs frequency,0,,HIGH CONFIDENCE: summary/elms/frequency is 'Frequency of ELM events'.,,,,,,
ELMMAX,,,,,,The average ELM amplitude of the H-alpha signal (minus base level) in arbitrary units.,,,,Average ELM H-alpha amplitude (arbitrary units). No IMAS path; diagnostic and machine-specific H-alpha signal. Suggest temporary.,,,,,,
ELMDUR,,,,,,The average ELM duration of the H-alpha signal in seconds.,,,,Average ELM duration (H-alpha signal width). No IMAS path. Suggest temporary.,,,,,,
ELMINT,,,,,,The average ELM integral of the H-alpha signal (minus base level) in arbitrary units.,,,,Average ELM H-alpha integral. No IMAS path. Suggest temporary.,,,,,,
OLTIME,,,,,,The time of the Ohmic to L-mode transition (start of auxiliary heating) in seconds.,,,,"Ohmic to L-mode transition time. No standard IMAS path for transition-event timestamps. Candidate: summary IDS could hold tagged events, but no specific field found. Suggest temporary.",,,,,,
LHTIME,,,constant_float0d(:),,,The time of the L to H transition in seconds.,,,temporary,"Important quantity. Potential discussion for summary IDS. Event name and event time , list of events.",identity,,,,,
TPI,,,constant_integer0d(:),,,Time point indicator (ASDEX only). Possible values are: 0 Indicator not used 1-3 Ohmic points 4 L-mode 5-7 H-mode points up to the time at which DWDIA = 0 8-9 Extra H-mode points - (no data),,,discard,"ASDEX-only bookkeeping flag, no DD equivalent; suggest temporary.",identity,,,,,
ISEQ,,,constant_string0d(:),,,"Parameter scan identifier Possible options for ASDEX are: Toroidal magnetic field scans BT1, BT2P4, BT3, BT4, BT5, BT6, BT7 High beta investigations, Ti profile measurements HBE1, HBE2, HBE3 QCYL scan QC1P3 Search for long ELM-free periodsEF11 Density variation NE1 Spectroscopic investigations SP11 Power scans (PNBI) P1, P2, QC1P3, BT2P4 Comparison shots for helium programG1 Search for high confinement timesHT1 No scan NONE Possible options for AUG are: Confinement identity AUG/DIII-D AUG_DIIID Confinement identity AUG/JET AUG_JET Confinement identity AUG/CMOD AUG_CMOD Current scan IP1 IP, BT and power scan IPBTP1 Power and density scan nr. 1 PNE1 Power and density scan nr. 2 PNE2 Power and density scan nr. 3 PNE3 Power and density scan nr. 4 PNE4 Pellet scan PELLET IHMODE No scan NONE Possible options for CMOD are : No scan NONE Possible options for COMPASS are : No scan NONE Possible options for D3D are: Elongation scans KAPPA1, KAPPA2, KAPPA3 L-mode rho* scans LRHO1, LRHO2, LRHO3 H-mode rho* scans HRHO1, HRHO2, HRHO3, RHOSCAN Nu* scans LNU1, HNU1 Beta scans LBETA1, HBETA1 q scans QSCAN Rho* scaling from DIII- D/JET comparison JET1, JETSIMILAR High density, good confinement with pelletsHINE Reference shot without gas puff HI_GP_REF High density, good confinement with gas puffHI_GP The ratio of Te/Ti was varied TETISCALE No scan NONE Possible options for JET are: Tokamak identity scans DIIID, D3D1, AUG, CMOD, CMOD1, JT60U, ITER, ITER/LL, ITER/LU, ITER-LIKE L-mode rho* scans LRHO1, LRHO2, LRHO3 (no data) H-mode rho* scans RHO1, RHO2, RHO3, RHO4, LOW-RHO Nu* scans NU1 Beta scans BETA1, HIGH-BETA Configuration scans H/SFE/VLT, H/SFE/LT, H/SFE/HT, H/SFE/VHT, H/SFE/VH, H/SFE/?? H/LFE/HT H/HFE/LT, H/HFE/HT, H/HFE/?? HC/SFE/LT HK/LT/99, HK/HT/99 LK/LT/99 V/SFE/LTS, V/SFE/LT, V/SFE/HT, V/SFE/VHT V/SFE/VH, V/SFE/EH V/HFE/LT, V/HFE/HT V/LFE/LT C/SFE/LT, C/SFE/HT SEPTUM, S/SFE/LT, S/SFE/HT HC, HC/HT, HIGHCL, DNX, HT3 DOC-U, DOC-L, DOC-LL No scan NONE Possible options for JFT2M [...]",,,temporary,"Database bookkeeping (scan id), no DD equivalent; suggest temporary. | csv_description truncated from 3441 chars; full flag-code/lookup table in DB4v5 PDF entry 24.",identity,,,,,
MEFF,,u,,FLT_1D,summary/volume_average/meff_hydrogenic,"Effective atomic mass in AMU. Based on concentration measurements in JET, START and TFTR or calculated as = 0.5 (PGASA + 0.5 (BGASA + BGASA2)) if PINJ > 0 and PINJ2 > 0. = 0.5 (PGASA + BGASA) if only PINJ > 0. = PGASA otherwise. JET: A few Ohmic observations PNBI <= 3 kW. For these observations MEFF = PGASA.",Effective mass of the hydrogenic species (MH. nH+MD.nD+MT.nT)/(nH+nD+nT)  ,dynamic,derived,"IMAS definition is explicit about hydrogenic species. However PGASA and MEFF in database include He3 and He4 as the ""working gas"".",identity,,TRUE,,,
PGASA,,u,,FLT_1D,summary/volume_average/meff_hydrogenic,Mass number of the plasma working gas (real value). Possible values are: 1 Hydrogen 2 Deuterium 2.5 Deuterium and Tritium 3 3He or Tritium 4 4He 14.01 Nitrogen,Effective mass of the hydrogenic species (MH. nH+MD.nD+MT.nT)/(nH+nD+nT)  ,dynamic,mapped,"""Working gas""? Technically derivable from MEFF and Atomic mass number of NB injectors.",identity,,TRUE,,,
PGASZ,,1,constant_integer0d(:),FLT_1D,summary/volume_average/zeff,"Charge number of the plasma working gas (integer value). Possible values are: 1 Hydrogen, Deuterium or Tritium 2 Helium 7 Nitrogen",Effective charge,dynamic,mapped_caveat,"""working gas""?",identity,,TRUE,,,
BGASA,,,,,summary/heating_current_drive/nbi(0)/species/a,Mass number of the neutral beam gas (real value). Possible values are: 0 When PINJ = 0 1 Hydrogen 2 Deuterium 3 3He or Tritium 4 4He,,,mapped,,identity,,TRUE,,,
BGASZ,,,,,summary/heating_current_drive/nbi(0)/species/z_n,"Charge number of the neutral beam gas (integer value). Possible values are: 0 When PINJ = 0 1 Hydrogen, Deuterium or Tritium 2 Helium",,,mapped,,identity,,TRUE,,,
BGASA2,,,,,summary/heating_current_drive/nbi(1)/species/a,Mass number of the second neutral beam gas (real value). Possible values are: 0 When PINJ2 = 0 1 Hydrogen 2 Deuterium 3 3He or Tritium 4 4He,,,mapped,,identity,,TRUE,,,
BGASZ2,,,,,summary/heating_current_drive/nbi(1)/species/z_n,"Charge number of the second neutral beam gas (integer value). Possible values are: 0 When PINJ2 = 0 1 Hydrogen, Deuterium or Tritium 2 Helium",,,mapped,,identity,,TRUE,,,
PELLET,,,,,,Pellet material if a pellet(s) has been injected. Possible values are: NONE No pellets H Hydrogen pellet(s) D Deuterium pellet(s) GP_H Strong Hydrogen gas fuelling GP_D Strong Deuterium gas fuelling GAS- FUEL Strong gas fuelling (JET),,,,Pellet material string. Candidate: pellets/time_slice/pellet/species (pellets IDS) — not a summary scalar. Suggest temporary.,,,,,,
FUELRATE,,,,,,Fuel rate in electrons per second of extra gas.,,,,Fuel rate from extra gas injection (e/s). Candidate: gas_injection/pipe/valve/flow_rate (gas_injection IDS) — not in summary. Suggest temporary.,,,,,,
XGASZ,,,,,,Atomic Charge of extra fuelled gas. Possible values are: 0 No extra fuelled gas 1 Hydrogen 2 Helium 7 Nitrogen 10 Neon 16 Sulfur - should this be 14 for Silicon? 18 Argon 36 Krypton,,,,Atomic charge of extra fuelled gas. Candidate: gas_injection/pipe/valve/species/z (gas_injection IDS). No summary path. Suggest temporary.,,,,,,
XGASA,,,,,,Atomic Mass of extra fuelled gas. Possible values are: 0 No extra fuelled gas 1 Hydrogen 2 Deuterium 3 Tritium / Helium 4 Helium ~ 14 Nitrogen ~ 20.18 Neon 28 Silicon ~ 39.95 Argon 83.8 Krypton,,,,Atomic mass of extra fuelled gas. Candidate: gas_injection/pipe/valve/species/a. No summary path. Suggest temporary.,,,,,,
CONFIG,,,,INT_1D,summary/boundary/type,"The plasma configuration. Possible values are: SN Single null SN(L) Single null with the x-point at the bottom of the machine SN(U) Single null with the x-point at the top of the machine DN Double null DND Double null divertor IW Inner wall. LIM Outboard limiter BOT Limited on bottom of vessel TOP Limited on top of vessel MAR Marginally diverted/limited Tokamak details: TOK SN SN(L) SN(U) DN DND IW LIM BOT TOP MAR ASDEX x x AUG x CMOD x x x COMPASS x D3D x x x x x x x x JET x x x x JFT2M x x JT60U x PBXM x PDX x START x T10 x TCV x x TDEV x TEXTOR x TFTR x TUMAN3M x MAST x NSTX x ASDEX: DN if vertical shift DZ is less than 5 mm, otherwise SN. D3D: DN if two nulls and the separatrix flux surface are inside the divertor tiles and on the same flux surface within 0.25 cm. JFT2M: DN if two nulls are inside the limiter.","0 (limiter), 1 (diverted), 11 (LSN), 12 (USN), 13 (DN), 14 (snowflake)",dynamic,mapped_caveat,"is MAR = snowflake? In addition, definitions of IN, OUT are not specified in variable definitions",dictionary,"{""LIM"": 0, ""SN"": 1, ""SN(L)"": 11, ""SNL"": 11, ""SNB"": 11, ""SN(U)"": 12, ""SNT"": 12, ""DN"": 13}",TRUE,,"LIM = 0, SN = 1, SN(L) = 11, SNL = 11, SNB = 11 SN(U) = 12, SNT = 12, DN = 13",
RGEO,,,,,summary/boundary/geometric_axis_r&summary/global_quantities/r0,"The plasma geometrical major radius in meters, from an MHD equilibrium fit, defined as the average of the minimum and the maximum radial extent of the plasma.",,,mapped,,identity,,TRUE,,,
RMAG,,,,,equilibrium/time_slice(0)/global_quantities/magnetic_axis/r,The major radius of the magnetic axis in meters from an MHD equilibrium fit. ASDEX: Formula based on a number of equilibriums.,,,mapped,,identity,,,,,
AMIN,,m,,FLT_1D,summary/boundary/minor_radius,The horizontal plasma minor radius in meters from an MHD equilibrium fit. ASDEX: Formula based on a number of equilibriums.,Minor radius of the plasma boundary (defined as (Rmax-Rmin) / 2 of the boundary),dynamic,mapped,,identity,,TRUE,,,
KAPPA,,1,,FLT_1D,summary/boundary/elongation,The plasma elongation determined from an MHD equilibrium fit. ASDEX: Formula based on a number of equilibriums. PDX: k = 1 for all records.,Elongation of the plasma boundary,dynamic,mapped_caveat,Also has a corresponding leaf in equilibrium,identity,,TRUE,,,
KAPPAA,,,,,,New plasma elongation definition (= AREA / ( p AMIN2) ) COMPASS: AREA is approximated by VOL / (2p RGEO).,,,,Elongation = AREA/(π·AMIN²). Derivable from mapped fields (AREA and AMIN). No dedicated DD field. Suggest derived.,,,,,,
KAREA,,,,,,New plasma elongation definition (= VOL / (2p RGEO) / ( p AMIN2) ),,,,"Elongation = VOL/(2π·RGEO)/(π·AMIN²). Derivable from mapped VOL, RGEO, AMIN. Suggest derived.",,,,,,
DELTA,,,,,equilibrium/time_slice(0)/boundary/triangularity,The triangularity of the plasma boundary from an MHD equilibrium fit.,,,mapped,,identity,,,,,
DELTAU,,1,,FLT_1D,summary/boundary/triangularity_upper,Upper triangularity of the plasma boundary from an MHD equilibrium fit.,Upper triangularity of the plasma boundary,dynamic,mapped,,identity,,TRUE,,,
DELTAL,,1,,FLT_1D,summary/boundary/triangularity_lower,Lower triangularity of the plasma boundary from an MHD equilibrium fit.,Lower triangularity of the plasma boundary,dynamic,mapped,,identity,,TRUE,,,
INDENT,,,constant_float0d(:),,,Indentation of the plasma determined from an MHD equilibrium fit.,,,discard,"No indentation field in the current DD (boundary carries squareness, elongation, triangularity); suggest temporary.",identity,,,,,
AREA,,,,,equilibrium/time_slice(0)/global_quantities/area,Area of plasma cross section in m2 determined from an MHD equilibrium fit. ASDEX: Formula based on a number of equilibriums.,,,mapped_caveat,"""Area of plasma cross section"" = LCFS poloidal cross section?",identity,,,,,
VOL,,m^3,,FLT_1D,summary/global_quantities/volume,The plasmas volume in m3 determined from an MHD equilibrium fit. ASDEX: Formula based on a number of equilibriums.,Volume of the confined plasma,dynamic,mapped,,identity,,TRUE,,,
SEPLIM,,m,,FLT_1D,summary/boundary/gap_limiter_wall,The minimum distance between the separatrix flux surface and either the vessel wall or limiters in meters from an MHD equilibrium fit. ASDEX: Formula based on a number of equilibriums.,Distance between the separatrix and the nearest limiter or wall element,dynamic,mapped,,identity,,TRUE,,,
XPLIM,,,,,,The minimum distance between the X-point and either the vessel walls or limiters in meters from an MHD equilibrium fit. The value is positive if X-point is inside either the vessel wall or limiters.,,,,X-point to vessel-wall/limiter distance. summary/boundary/gap_limiter_wall is SEPLIM (separatrix-limiter). No dedicated X-point-to-wall field in summary. Suggest temporary.,,,,,,
WALMAT,,,,,summary/wall/material,The material of the vessel wall. Possible values are: C Carbon SS for Stainless Steel IN for Inconel IN/C for Inconel with Carbon CSS for (partly) Carbon on Stainless Steel. AL for Aluminum,Wall material,,mapped,,dictionary,"{""C"": 1, ""SS"": 4, ""Fe"": 4, ""F82H"": 4, ""CSS"": 5, ""IN"": 6, ""IN/C"": 7, ""Mo"": 11,""ss"":4}",TRUE,"(""index"", ""description"")","C = 1, SS = 4, Fe = 4, F82H = 4, CSS = 5, IN = 6, IN/C = 7, Mo = 11",
DIVMAT,,,,,divertors/divertor(0)/description,"The material of the divertor tiles. Possible values are: SS for Stainless Steel C CC for Carbon TI1 TI2 for Titanium, BE for Beryllium C/BE for Carbon at the top and Beryllium at the bottom W for Wolfram MO for Molybdenum IN for Inconel NONE for no Divertor",,,mapped_caveat,,identity,,,,,
LIMMAT,,,,,summary/limiter/material,The material of the limiters. Possible values are: C for Carbon BE for Beryllium MO for Molybdenum NONE for no Limiter,Limiter material,,mapped,dictionary needs to be determined,dictionary,"{""C"": 1, ""c"": 1, ""ca"": 1, ""C/BE"": 1, ""Fe"": 4, ""BE"": 10, ""Mo"": 11, ""MO"": 11}",TRUE,"(""index"", ""description"")","LIM = 0, SN = 1, IN = 11, SN(L) = 11, SNL = 11, SNB = 11, OUT = 12, SN(U) = 12, SNT = 12, DN = 13, MAR = 14",
EVAP,,,,STR_0D,summary/wall/evaporation,The evaporated material used to cover the inside of the vessel. Possible values are: BOR BO for Boron BOROA for Boron (B2H6 + CH4 + H2) BOROB for Boron (B2H6 + H2) BOROC for Boron BOROX for Boron B2D6 for Boron CARB for Carbon CARBH for Carbon (CH4 + D2) CARBORANEfor Orto-Carborane (C2B10H12) into He Glow DECABORA ??? TI for Titanium BE for Beryllium SILICON for Silicon SID4 for Silicon NONE for no evaporation JET to repair,Chemical formula of the evaporated material or gas used to cover the vaccum vessel wall. NONE for no evaporation.,static,mapped,"dictionary needed since ""NONE"" is in data as string",identity,,TRUE,,"BOROA = (B2H6 + CH4 + H2), BOROB = (B2H6 + H2), BOROC = BORO = BOR = BO = B = Boron",
DALFMP,,,,,,Da emission on the midplane.,,,,No summary-level D-alpha scalar. Nearest diagnostic path: spectrometer_visible/channel(0)/grating_spectrometer/processed_line(0)/intensity/data for a midplane spectroscopy channel. Suggest temporary or mapped_caveat at diagnostic level with channel-index caveat.,,,,,,
DALFDV,,,,,,Da emission in the divertor.,,,,Dα emission in the divertor (arbitrary units). No summary scalar. Nearest: spectrometer_visible/channel/.../processed_line/intensity for a divertor channel. Machine-specific channel assignment required. Suggest temporary (analogous to DALFMP).,,,,,,
IGRADB,,,constant_integer0d(:),,,"Indicates, when CONFIG = SN, whether the ion grad-B drift is towards ( = 1) or pointing away from ( = -1) the X-point.",,,temporary,"Important quantity. Potentially derived, check with TC26 if CONFIG and sign of BT have a certain relationship.",identity,,,,,
BT,,T,,FLT_1D,summary/global_quantities/b0,The vacuum Toroidal magnetic field in Tesla at RGEO determined from the TF coil current. AUG/CMOD/MAST: Normally negative BT values. JET: Negative BT values indicate reversed Toroidal field.,Vacuum toroidal field at R0. Positive sign means anti-clockwise when viewed from above. The product R0B0 must be consistent with the b_tor_vacuum_r field of the tf IDS.,dynamic,mapped,,identity,,TRUE,,,
IEML,,,constant_float0d(:),,,Ergodic magnetic field coil current in Amperes.,,,discard,"Should be dropped. Data for ALL rows are either 0, N/A, or junk values (-1e-8). Is machine specific anyway.",identity,,,,,
PREMAG,,,,,,Indicates if startup was done with ( = YES) or without ( = NO) pre-magnetization current. JET: If PREMAG = NO for pre 94 shots then WMHD is missing.,,,,Pre-magnetization startup flag (YES/NO). No DD field. Suggest temporary or discard.,,,,,,
IP,,A,,FLT_1D,summary/global_quantities/ip,The plasma current in Amperes determined from an external Rogowski loop with vessel current subtraction. CMOD/JET/TDEV: Normally negative IP values. Positive IP values indicate operation with reversed current.,Total plasma current (toroidal component). Positive sign means anti-clockwise when viewed from above.,dynamic,mapped,,identity,,TRUE,,,
VSURF,,V,,FLT_1D,summary/global_quantities/v_loop,The loop voltage at the plasma boundary in volts.,LCFS loop voltage (positive value drives positive ohmic current that flows anti-clockwise when viewed from above),dynamic,mapped,,identity,,TRUE,,,
Q95,,1,,FLT_1D,summary/global_quantities/q_95,The plasma safety factor from an MHD equilibrium fit evaluated at the flux surface that encloses 95% of the total poloidal flux. ASDEX: Q95 = qcyl (1 + (AMIN/RGEO)^2 (1 + 0.5 BEILI2^2)) with qcyl = 5e6 (BT/IP) (AMIN^2/RGEO) (1+KAPPA^2)/2. TFTR: Q at boundary defined by limiter.,q at the 95% poloidal flux surface (only positive when toroidal current and magnetic field are in same direction),dynamic,mapped,,identity,,TRUE,,,
SH95,,,,,,The magnetic shear at the flux surface that encloses 95% of the total poloidal flux.,,,,"Magnetic shear at 95% poloidal flux surface. Candidate: summary/local/separatrix/magnetic_shear (shear at LCFS, nearest proxy for ~95% flux surface). Caveat: 95%-flux surface ≠ separatrix exactly; no q95-surface-specific shear exists in summary. Alternative: equilibrium/time_slice/profiles_1d/magnetic_shear evaluated at rho(q95). Suggest temporary until exact location is resolved.",,,,,,
BEILI2,,,constant_float0d(:),,,"Quantity bI + 0.5 li, where bI is the Shafranov beta and li the internal inductance, determined from MHD or probe measurements (ASDEX).",,,temporary,"Composite bI + li/2 has no DD field; the components exist separately (summary/global_quantities/beta_pol, summary/global_quantities/li). Suggest derived or temporary.",identity,,,,,
BEIMHD,,,constant_float0d(:),,,Beta Shafranov from MHD. ASDEX: BEIMHD equals BEILI2 minus an estimate of li/2 obtained during the Ohmic phase assuming a resistive equilibrium. TFTR: BEIMHD equals (2xBEPMHD + BEPDIA)/3.,,,temporary,,identity,,,,,
BEPMHD,,1,,FLT_1D,summary/global_quantities/beta_pol_mhd,Poloidal beta computed from the MHD equilibrium fit. ASDEX: BEPMHD equals BEIMHD. TFTR: BEPMHD equals BEILI2 - li/2 with li/2 from time evolution model.,Poloidal beta estimated from the pressure determined by an equilibrium reconstruction code. Defined as betap = 4 int(p dV) / [R_0 * mu_0 * Ip^2],dynamic,mapped,BEIMHD and BEPMHD both map here; verify which definition applies.,identity,,TRUE,,,
BETMHD,,1,,FLT_1D,summary/global_quantities/beta_tor_mhd,Toroidal beta computed from the MHD equilibrium fit. TFTR: Computed from BEPMHD.,"Toroidal beta, using the pressure determined by an equilibrium reconstruction code",dynamic,mapped,,identity,,TRUE,,,
BEPDIA,,1,,FLT_1D,summary/global_quantities/beta_pol,Poloidal diamagnetic beta. ASDEX: Corrected poloidal diamagnetic beta using an average of the 3 Ohmic points in the database.,Poloidal beta. Defined as betap = 4 int(p dV) / [R_0 * mu_0 * Ip^2],dynamic,mapped_caveat,"beta_pol is the only non-MHD poloidal beta in summary, but its DD definition is equilibrium-pressure based, not diamagnetic-specific - no dedicated diamagnetic beta field exists.",identity,,TRUE,,,
BMHDMDIA,,,constant_float0d(:),,,Offset during the Ohmic phase between MHD and diamagnetic. ASDEX: Between diamagnetic beta poloidal and MHD beta poloidal. JFT2M: Between diamagnetic energy and MHD energy in Joule.,,,discard,machine specific.,identity,,,,,
TAUCR,,,,,,Current relaxation time in seconds from D.R. Mikkelsen Phys. Fluids B1 (1989) 333. TAUCR = 2.51e-6 x IP x RGEO / VSURF,,,,"Current relaxation time: TAUCR = 2.51e-6 × IP × RGEO / VSURF. Fully derivable from mapped fields (IP, RGEO, VSURF). Suggest derived.",,,,,,
FBS,,,,,,Bootstrap current fraction.,,,,"Bootstrap current fraction (Ibs/Ip). Candidate: summary/global_quantities/current_bootstrap is total bootstrap current in A, not a fraction. No fraction field found in summary. Suggest temporary or derived (current_bootstrap / global_quantities/ip).",,,,,,
RHOQ2,,,,,,Normalized radius of q = 2 surface.,,,,Normalized radius of q=2 surface. Derivable from equilibrium/time_slice/profiles_1d/q profile. No scalar global q=2 radius field in summary. Suggest derived or temporary.,,,,,,
RHOINV,,,,,,"Normalized sawtooth inversion radius as estimated by eq.(7) in H. Weisen et al, Nuclear Fusion 42 (2002) 136. RHOINV = 4e-7 x IP x RGEO / (AMIN^2 x BT x KAPPA x (KAPPA + 1/KAPPA))",,,,Normalized sawtooth inversion radius (Weisen formula). Candidate: sawteeth IDS may hold inversion radius profiles. In summary no direct scalar path. Suggest temporary.,,,,,,
NEL,,m^-3,,FLT_1D,summary/line_average/n_e,"Central line average electron density in m-3 from interferometer or LIDAR (JET). JET: NEL has been approximated if no measurement is available: Ohmic NEL ~ exp{2.931 + 0.873 ln(NEV) + 0.064 ln(NE0)}, H-mode NEL ~ exp{3.745 + 0.825 ln(NEV) + 0.092 ln(NE0)}. See NELFORM.",Electron density,dynamic,mapped,,identity,,TRUE,,,
NELFORM,,,,,,"Indicates if NEL is not a direct measurement. = 1 if NEL has been approximated by formula for JET, = 0 otherwise.",,,,Flag: NEL approximated by formula (=1) or direct measurement (=0). Database diagnostic-quality indicator; no IMAS DD equivalent. Suggest temporary or discard.,,,,,,
DNELDT,,m^-3.s^-1,,FLT_1D,summary/line_average/dn_e_dt,The time rate of change of NEL in m-3/s.,Time derivative of the electron density,dynamic,mapped,,identity,,TRUE,,,
NEV,,m^-3,,FLT_1D,summary/volume_average/n_e,The volume averaged electron density in m-3. ASDEX: From 4 HCN interferometer channels. D3D: Spline fit to CO2 and Thomson scattering data. JET: Weighted summation over 6 interferometer channels. JFT2M: Analytic fit with fixed profile shape to 2 channels.,Electron density,dynamic,mapped,,identity,,TRUE,,,
NE0,,m^-3,,FLT_1D,summary/local/magnetic_axis/n_e,"The central electron density at the magnetic axis in m-3, determined in same manner as NEV.",Electron density,dynamic,mapped,,identity,,TRUE,,,
NE0TSC,,,,,,The electron density in m-3 determined from Thomson scattering. ASDEX: Average of the 3 YAG laser channels closest to the equatorial plane. D3D: Thomson scattering point closest to the magnetic axis (< 10 cm).,,,,Central electron density from Thomson scattering specifically. Candidate: same as NE0 → summary/local/magnetic_axis/n_e with needs_source='Thomson scattering'. Caveat: NE0 is already mapped to that path via profile fit; NE0TSC and NE0 may differ when the profile fit diverges from the TS point. Suggest temporary or mapped_caveat with needs_source to distinguish.,,,,,,
ZEFF,,1,,FLT_1D,summary/line_average/zeff,Line average plasma effective charge determined from visible Bremsstrahlung.,Effective charge,dynamic,mapped,,identity,,TRUE,,,
ZEFFNEO,,,,,,"Plasma effective charge as determined by neo-classical resistivity. ASDEX: Determined such that the current profile calculated from Zeff-neo, Te(r) and Uloop is consistent with measured total Ip. JET: Determined using volume averaged quantities.",,,,Zeff from neoclassical resistivity method (vs Bremsstrahlung for ZEFF). Candidate: summary/volume_average/zeff (if neoclassical Zeff is effectively volume-averaged). Distinguish from ZEFF (line-average/zeff) using needs_source. Suggest temporary until source distinction is resolved.,,,,,,
PRAD,,W,,FLT_1D,summary/global_quantities/power_radiated,Total radiated power in watts as measured by Bolometer.,Total radiated power,dynamic,mapped,,identity,,TRUE,,,
POHM,,W,,FLT_1D,summary/global_quantities/power_ohm,"Total Ohmic power in watts. ASDEX: max{0, VSURF x IP}. AUG: VSURF x IP (VSURF corrected for flux variations). CMOD: Vres x IP (Vres corrected for inductive effects). D3D: CxB10x Ip^2 RGEO^2/(WT ne). JET: Corrected for inductance effects. JT60U SHOT<33635: VSURF x IP; SHOT>=33635: Te profile with TOPICS code. TFTR: POHM = IP x VSURF - d(3.14e-7 RGEO x IP^2 x li)/dt.",Ohmic power,dynamic,mapped,,identity,,TRUE,,,
ENBI,,,,,summary/heating_current_drive/nbi(0)/energy,Neutral beam energy weighted by power in eV. Calculated as Sum(Ei x Pi)/Sum(Pi) where Ei and Pi are beam energy and power for source i. ASDEX: Primary energy component given.,,,,ENBI is power-weighted across all NBI units; nbi(0)/energy is unit 0 only. Accept mapped_caveat for single-unit shots; multi-unit: consider temporary or formula.,,,,,,
PINJ,,,,,summary/heating_current_drive/nbi(0)/power_launched,The injected neutral beam power (beam species BGASA/BGASZ) that passes into the torus in watts. Zero if no beams on. Total NBI power = PINJ + PINJ2.,,,mapped,,identity,,TRUE,,,
BSOURCE,,,,,,"The power fractions injected by neutral beam. For example if P1 = 80%, P2 = 10% and P3 = 10% then BSOURCE = 801010.",,,,"Candidate: summary/heating_current_drive/nbi(0)/beam_power_fraction (3-element array: full/half/third-energy fractions). Matches if BSOURCE encodes energy-component split of one beam. If it is fractional power of unit 0 vs total, no DD field exists → temporary.",,,TRUE,,,
PINJ2,,,,,summary/heating_current_drive/nbi(1)/power_launched,The injected neutral beam power from a second source (species BGASA2/BGASZ2) in watts. Zero if no second-source beams on.,,,mapped,,identity,,TRUE,,,
BSOURCE2,,,,,,"The power fractions injected by neutral beam with the second source. JET 89-90 data: 781606 for 80kV D, 652114 for 140kV D, 990000 for 3He or 4He beams.",,,discard,Candidate: summary/heating_current_drive/nbi(1)/beam_power_fraction – same as BSOURCE for NBI unit 1.,identity,,TRUE,,,
COCTR,,1,,FLT_1D,summary/heating_current_drive/power_launched_nbi_co_injected_ratio,Fraction of beam power co-injected as compared to the total beam power injected.,Ratio of co-injected beam launched power to total NBI launched power. Is set to 1 for purely perpendicular injection,dynamic,mapped,,identity,,TRUE,,,
PNBI,,W,,structure,summary/heating_current_drive/power_nbi,Total injected neutral beam power minus shine through in watts. Zero if no beams on.,Total NBI power coupled to the plasma,0,,"HIGH CONFIDENCE: summary/heating_current_drive/power_nbi is 'Total auxiliary power coupled from NBI into the plasma', matching PNBI = total injected NBI minus shine-through losses.",,,,,,
PFLOSS,,,,,,Amount of neutral beam power in watts lost from the plasma through charge exchange and unconfined orbits. ASDEX: From FREYA code fits. D3D: PNBI x exp{3.3 - 2.5 IP/1e6}/100. JET: PINJ x exp{3.35 - 0.667|IP|/1e6 - 0.2 NEL/1e19}/100.,,,,No summary-level field for CX + orbit losses. Closest: distributions/.../power_first_orbit (orbit only) or shinethrough/power (not CX). Derivable as PABS - power_nbi. Suggest temporary.,,,,,,
ECHFREQ,,,,,summary/heating_current_drive/ec(0)/frequency,ECRH frequency in Hz. Zero if no ECRH is applied.,,,mapped,,identity,,TRUE,,,
ECHMODE,,,,,summary/heating_current_drive/ec(0)/polarization,Mode of ECRH waves. Possible values are: NONE If no ECRH power has been applied to discharge OFF If PECRH = 0 but PECRH > 0 at some other time in discharge O is ordinary mode X is extraordinary X+O both ordinary and extraordinary mode UNKNOWNMode of ECRH unknown,,,mapped,,dictionary,"{""O"":0,""X"":1}",TRUE,,,
ECHLOC,,,,,,Location of ECRH launch. Possible values are: NONE If no ECRH power has been applied to discharge OFF If PECRH = 0 but PECRH > 0 at some other time in discharge IN identifies waves launched from the high field side OUT is from the low field side IN+OUT from both low and high field side LFS_UP LFS_UPPERfrom low field side top UNKNOWN Location of ECRH launch unknown,,,,"No string launch-location label in summary. Closest DD field for numeric deposition location: summary/heating_current_drive/ec(0)/position (rho_tor_norm, 'position of maximum ECRH power deposition'). If ECHLOC is a string label (e.g. 'midplane', 'HFS'), no summary field exists → temporary. ec_launchers/launcher(0)/name could hold a string label (machine description IDS).",,,,,,
PECRHC,,,,,,"ECRH power in watts coupled to the plasma. Zero, if no ECRH is applied.",,,,ECRH power coupled to plasma. Candidate: summary/heating_current_drive/ec(0)/power_launched (launched from antenna ≈ coupled in most ECRH cases). Caveat: IMAS 'power_launched' = from launcher into vessel; 'coupled to plasma' in DB4v5 may be slightly less (reflection losses). For ECRH these are generally equated. Also candidate: summary/heating_current_drive/power_launched_ec for total.,,,,,,
PECRH,,,,,,ECRH power in watts absorbed by the plasma. Zero if no ECRH is applied.,,,,"ECRH power absorbed by plasma. Candidate: summary/heating_current_drive/ec(0)/power (per-unit EC power, interpreted as absorbed). Caveat: verify whether DD 'power' = 'launched' or 'absorbed/coupled'. For total: summary/heating_current_drive/power_ec.",,,,,,
ICFREQ,,,,,summary/heating_current_drive/ic(0)/frequency,"Frequency of ICRH waves in Hz. Zero, if no ICRH is applied.",,,mapped,,identity,,TRUE,,,
ICSCHEME,,,,,,ICRH heating scheme. Possible Values: NONE If no ICRH power has been applied to discharge OFF If PICRH = 0 but PICRH > 0 at some other time in discharge HMIN for H minority HE3MIN for 3He minority H2NDHARMfor 2nd harmonic H heating HE3MIN-T 3He minority in Tritium HMIN-T H minority in Tritium HHFW UNKNOWN Heating scheme not supplied,,,,"No heating-scheme label in summary. Candidate: summary/heating_current_drive/ic(0)/harmonic (integer, 'harmonic number of absorbed ICRH waves') captures part of the scheme. Full scheme string (e.g. 'H minority', 'D-3He') has no DD field. If encoding as harmonic integer, use ic(0)/harmonic as mapped_caveat; for the full label → temporary.",,,,,,
ICANTEN,,,,,summary/heating_current_drive/ic(0)/phase,Antenna phasing. Possible Values are: NONE If no ICRH power has been applied to discharge OFF If PICRH = 0 but PICRH > 0 at some other time in discharge DIPOLE Dipole phasing MONOPOLEMonopole phasing UNKNOWN Antenna phasing not supplied,,,mapped_caveat,"target path is a radian float_1D time coordinated. Possible values of source csv is MONOPOLE, DIPOLE, 0PI0PI. The last cannot be expressed as a single number?",dictionary,"{""MONOPOLE"":0,""DIPOLE"":3.14159}",TRUE,,,
PICRHC,,,,,,"ICRH power in watts coupled to the plasma. Zero, if no ICRH is applied.",,,,ICRH power coupled to plasma. Candidate: summary/heating_current_drive/ic(0)/power_launched (launched = coupled for ICRH). Analogous to PECRHC for ECRH. Same launched-vs-coupled ambiguity; ICRH reflection losses can be significant.,,,,,,
PICRH,,,,,summary/heating_current_drive/ic(0)/power,"ICRH power in watts absorbed by the plasma. Zero, if no ICRH is applied.",,,mapped,may require one-to-many,identity,,TRUE,,,
PALPHA,,,,,,"Estimated alpha heating power in Deuterium-Tritium plasmas in watts. JET: estimated as 1.601 x 10-19 x neutrons/s x 3.5 x 106 W. Set to zero, if less than 0.01 x 106 W.",,,,Alpha heating power estimate (D-T). No summary/global_quantities/power_alpha found in DD. Candidate: core_sources/source/global_quantities/total_power with fusion-alpha source identifier. Not a simple summary scalar. Suggest temporary.,,,,,,
DWDIA,,W,,FLT_1D,summary/global_quantities/denergy_diamagnetic_dt,Time rate of change of the total plasma stored energy as determined by the diamagnetic loop in watts. ASDEX: Parabolic fit over ±6 ms; set by hand when DWHC=1. D3D: (±25%). JET: Running average over ±100 ms. JFT2M: Simple derivative over ±5 ms.,Time derivative of the diamagnetic plasma energy content,dynamic,mapped,"DD path confirmed: summary/global_quantities/denergy_diamagnetic_dt (W) = 'Time derivative of the diamagnetic plasma energy content'. The CSV description says 'as determined by the diamagnetic loop' – this refers to the measurement instrument, not a different quantity: the diamagnetic loop IS the diagnostic that measures d(Wdia)/dt. Suggest mapped.",identity,,TRUE,,,
DWDIAPAR,,,,,,Time derivative for ASDEX of WDIA from a parabolic fit to the three available H-mode points. DWDIAPAR has been used in calculating TAUDIA.,,,temporary,,,,,,,
DWMHD,,W,,structure,summary/global_quantities/denergy_thermal_dt,Time rate of change of the total plasma stored energy as determined from MHD in watts. ASDEX: As for DWDIA. D3D: Spline fit to W then differentiated. JET: As for DWDIA. JFT2M: Simple derivative over ±5 ms of WMHD without correcting for li change.,Time derivative of the thermal plasma energy content,0,,DD path confirmed: summary/global_quantities/denergy_thermal_dt (W) = 'Time derivative of the thermal plasma energy content'. WMHD includes thermal + fast-particle contribution; DD path covers thermal only. Suggest mapped_caveat.,,,,,,
DWHC,,,,,,Equal to 1 when DWDIA or DWMHD have been corrected by hand for ASDEX.,,,temporary,"ASDEX hand-correction flag, no DD equivalent; suggest temporary.",,,,,,
TEV,,eV,,FLT_1D,summary/volume_average/t_e,"The volume averaged electron temperature in eV. ASDEX: From 16 radial YAG measurements fitting Te(x) = Te(0) exp(ax2+bx4+cx6). D3D: Spline fit to Thomson scattering data. JET: From 51-point ECE profile. PBXM/PDX: Computed from BETMHD, VOL, NEL assuming Zeff=1.",Electron temperature,dynamic,mapped,units???,identity,,TRUE,,,
TE0,,eV,,FLT_1D,summary/local/magnetic_axis/t_e,The electron temperature at the magnetic axis in eV. ASDEX: From 16 radial YAG measurements. D3D: Spline fit to Thomson scattering. JET: From ECE profile.,Electron temperature,dynamic,mapped,units???,identity,,TRUE,,,
TE0TSC,,,,,,"The electron temperature in eV, determined from the Thomson scattering point that is closest to the magnetic axis. ASDEX: Average of the 3 YAG laser channels closest to the equatorial plane. D3D: Thomson scattering point closest to the magnetic axis (< 10 cm).",,,,"Electron temperature at magnetic axis from Thomson scattering. Candidate: summary/local/magnetic_axis/t_e (already claimed by TE0). Same physical location, different diagnostic. Suggest mapped_caveat + needs_source='Thomson scattering', or separate temporary entry.",,,,,,
TIV,,eV,,FLT_1D,summary/volume_average/t_i_average,The volume averaged ion temperature in eV. D3D: Spline fit to charge exchange recombination data. JET: Estimated from TIV = TI0 x TEV/TE0. PBXM/PDX: TIV = TEV.,Ion temperature (average over ion species),dynamic,mapped,units???,identity,,TRUE,,,
TI0,,eV,,FLT_1D,summary/local/magnetic_axis/t_i_average,The ion temperature at the magnetic axis in eV. D3D: Spline fit to charge exchange recombination data. JET: From Crystal X-ray diagnostic.,Ion temperature (average over ion species),dynamic,mapped,units???,identity,,TRUE,,,
TICX0,,,,,,The ion temperature at the magnetic axis in eV. JET: From charge exchange recombination spectroscopy.,,,,"Ion temperature at magnetic axis from charge-exchange recombination spectroscopy. Candidate: summary/local/magnetic_axis/t_i_average (already claimed by TI0). Suggest mapped_caveat + needs_source='CX spectroscopy', or temporary.",,,,,,
WDIA,,J,,FLT_1D,summary/global_quantities/energy_diamagnetic,Total plasma energy in joules as determined from the diamagnetic loop. ASDEX: In ohmic WDIA = Wdia-meas where Wdia-meas = 0.471 x RGEO x 10-6 x IP2 x BEPDIA; in H-mode WDIA = Wdia-meas - DW. JFT2M: In ohmic WDIA = Wdia-meas; in H-mode WDIA = Wdia-meas - DW. TFTR: WDIA = 4.71 x 10-7 RGEO x IP2 x BEPDIA.,Plasma diamagnetic energy content = 3/2 * integral over the plasma volume of the total perpendicular pressure ,dynamic,mapped,,identity,,TRUE,,,
WMHD,,J,,FLT_1D,summary/global_quantities/energy_mhd,Total plasma energy in joules as determined by a MHD equilibrium fit or based on probe measurements and an estimate of li/2 (ASDEX). ASDEX: 0.471 x RGEO x 10-6 x IP2 x BEPMHD. TFTR: WMHD = WTOT currently.,Plasma energy content = 3/2 * integral over the plasma volume of the total kinetic pressure (pressure determined by an equilibrium reconstruction code),dynamic,mapped,,identity,,TRUE,,,
WKIN,,J,,FLT_1D,summary/global_quantities/energy_thermal,Total thermal plasma energy in joules as determined from kinetic measurements. ASDEX: WEKIN (1 + (7-ZEFF)/(7-1)). JET: From profile fit assuming flat Zeff and Ti profile as Te. TEXTOR: WDIA - 1.5 WFPER.,Thermal plasma energy content = 3/2 * integral over the plasma volume of the thermal pressure,dynamic,mapped,,identity,,TRUE,,,
WEKIN,,J,,FLT_1D,summary/global_quantities/energy_electrons_thermal,Total thermal electron plasma energy in joules as determined from kinetic measurements.,Thermal electron plasma energy content = 3/2 * integral over the plasma volume of the thermal electron pressure,dynamic,mapped,,identity,,TRUE,,,
WIKIN,,J,,FLT_1D,summary/global_quantities/energy_ion_total_thermal,Total thermal ion plasma energy in joules as determined from kinetic measurements. JET: From ECE temperature profile shape normalized to Ti(0) from crystal X-ray diagnostic.,Thermal ion plasma energy content (sum over the ion species) = 3/2 * integral over the plasma volume of the thermal ion pressure,dynamic,mapped,,identity,,TRUE,,,
WROT,,,,,,Rotational energy in joules. Wrot = 1/2 M V2 where M is the mass of the thermal ions and V is the thermal ion toroidal velocity. V is deduced from carbon toroidal rotation using NCLASS.,,,,Rotational energy 0.5 M V² (thermal ion toroidal rotation). No summary/global_quantities/energy_rotational confirmed. Suggest temporary.,,,,,,
WFPER,,J,,FLT_1D,summary/global_quantities/energy_fast_perpendicular,Total perpendicular fast ion energy due to NBI in joules from transport calculations. Zero if no NBI. JET: PENCIL code. JFT2M: Monte Carlo. PBXM/PDX/TEXTOR: TRANSP.,Fast particles perpendicular energy content = 3/2 * integral over the plasma volume of the fast perpendicular pressure,dynamic,mapped_caveat,,identity,,TRUE,,,
WFPAR,,J,,FLT_1D,summary/global_quantities/energy_fast_parallel,Total parallel fast ion energy due to NBI in joules from transport calculations. Zero if no NBI. JET: PENCIL code. JFT2M: Monte Carlo. PBXM/PDX/TEXTOR: TRANSP.,Fast particles parallel energy content = 3/2 * integral over the plasma volume of the fast parallel pressure,dynamic,mapped,conflict with WFICRH (127),identity,,TRUE,,,
WFFORM,,,,,,Total fast ion energy due to NBI in joules estimated from approximate formula. Zero if no NBI. ASDEX: Regression analysis from 176 FREYA runs. D3D: Slowing-down formula using critical energy and beam energy. JET: 0.16x1019xPINJ/NEV for SHOT<=18760; per-energy formula for SHOT>18760. JFT2M/PBXM/PDX: WFPER + WFPAR.,,,,No NBI-specific fast energy field in summary. Summary totals energy_fast_perpendicular and energy_fast_parallel claimed by WFPER/WFPAR. No per-source NBI fast energy exists in summary. Suggest temporary.,,,,,,
WFANI,,,,,,"Estimate of fraction of perpendicular fast ion energy compared to total fast ion energy due to NBI. If WFPER and WFPAR available, WFANI = WFPER/(WFPER+WFPAR). Zero if no NBI. ASDEX/D3D/JET: estimated from regression analyses.",,,,No anisotropy-fraction field in DD. Derivable: WFANI = energy_fast_perpendicular / (energy_fast_perpendicular + energy_fast_parallel). Suggest derived.,,,,,,
WFICRH,,,,,,Estimate of the perpendicular fast ion energy content during ICRH heating in Joules. Defined as 4/3 (DWDIA - DWMHD). Zero if no ICRH. JET: Estimated with PION code.,,,,Candidate: summary/heating_current_drive/ic(0)/energy_fast (J) – 'Fast particle energy content driven by IC waves'. Direct semantic match. Note: DD field is total IC fast energy (not split perp/parallel); WFICRH is described as perpendicular only. Accept as mapped_caveat or mapped if the perp component dominates.,,,,,,
WFICRHP,,,,,,Estimate of the parallel fast ion energy content due to ICRH heating in Joules. Zero if no ICRH. JET: Estimated with PION code.,,,,DD has no perp/parallel split per heating source; summary/heating_current_drive/ic(0)/energy_fast is total IC fast energy (candidate for WFICRH). No separate parallel IC fast energy field exists. Suggest temporary.,,,,,,
WFICFORM,,,,,,Total fast ion energy due to ICRH in joules estimated from approximate formula. Zero if no ICRH. JET: = 0.3 x (TE0/103)1.5 x PICRH x (1019/NE0) / 17 J.,,,,ICRH fast ion energy from approximate formula. Candidate: summary/heating_current_drive/ic(0)/energy_fast (total IC fast energy; already noted as candidate for WFICRH). WFICFORM is a formula-derived alternative estimate. Suggest temporary.,,,,,,
ICFORM,,,,,,"Indicates, if WFICFORM has been used in confinement calculations (=1).",,,,Flag: WFICFORM used in confinement calculations (=1). Database bookkeeping; no DD field. Suggest discard or temporary.,,,,,,
WFANIIC,,,,,,Estimate of fraction of perpendicular fast ion energy compared to total fast ion energy due to ICRH heating. Zero if no ICRH.,,,,No IC anisotropy-fraction field in DD. Derivable once WFICRH and WFICRHP are resolved: WFANIIC = WFICRH/(WFICRH+WFICRHP). Suggest derived (or temporary until WFICRH/WFICRHP are settled).,,,,,,
TAUDIA,,s,,structure,summary/global_quantities/tau_energy,Total diamagnetic energy confinement time in seconds. Defined as WDIA/(POHM + PNBI + PICRH + PECRH - DWDIA).,Energy confinement time,0,derived,"Derived quantities, however some live in temporary.",,,,,,
TAUMHD,,s,,structure,summary/global_quantities/tau_energy,Total MHD energy confinement time in seconds. Defined as WMHD/(POHM + PNBI + PICRH + PECRH - DWMHD).,Energy confinement time,0,derived,"Derived quantities, however some live in temporary.",,,,,,
TAUTH1,,s,,structure,summary/global_quantities/tau_energy,Thermal energy confinement time in seconds. Defined as WKIN/(POHM + PNBI + PICRH + PECRH - DWMHD - PFLOSS). ASDEX: DWTOT = 2/3 DWMHD + 1/3 DWDIA used instead of DWMHD.,Energy confinement time,0,derived,"Derived quantities, however some live in temporary.",,,,,,
TAUTH2,,s,,structure,summary/global_quantities/tau_energy,Thermal energy confinement time in seconds. Defined as (WMHD - WFFORM - 0.75 WFICRH)/(POHM + PNBI + PICRH + PECRH - DWMHD - PFLOSS). ASDEX: 1.5 WFANI x WFFORM and DWTOT used for WFFORM and DWMHD. PBXM/PDX: 3/4xWFPER + 3/2xWFPAR used instead of WFFORM.,Energy confinement time,0,derived,"Derived quantities, however some live in temporary.",,,,,,
WTOT,,J,,structure,summary/global_quantities/energy_total,Estimated total plasma energy content in Joules. Machine-specific definition: ASDEX: WTH+WFFORM; AUG/CMOD/D3D/JT60U/MAST/START/TCV: WMHD; COMPASS: WDIA; JET: WTH+WFPER+WFPAR+WFICRH; JFT2M: WTH+WFFORM; NSTX: WTH; PBXM/PDX: WTH+WFPER+WFPAR; TDEV: WKIN; TEXTOR/TFTR: as defined; TUMAN3M/T10: WDIA.,Plasma energy content = 3/2 * integral over the plasma volume of the total kinetic pressure,0,,HIGH CONFIDENCE: summary/global_quantities/energy_total confirmed as 'Total plasma energy content (Wmhd)'. WTOT definition varies per machine but this is the standard IMAS total energy field.,,,,,,
WTH,,,,,,Estimated thermal plasma energy content in Joules. Machine-specific definition: ASDEX: WDIA-1.5xWFANIxWFFORM; AUG: WMHD-0.75xWFPER-1.5xWFPAR; CMOD: WTOT-WFICRH; COMPASS: WDIA; D3D: WMHD-WFFORM; JET: WDIA-1.5(WFPER+WFICRH); JFT2M: WDIA/3+2xWMHD/3-WFFORM; JT60U: WKIN; MAST/START: WMHD-WFFORM; NSTX: WKIN; PBXM/PDX: WMHD-0.75xWFPER-1.5xWFPAR; TCV/TUMAN3M/T10: WDIA.,,,,"Estimated thermal plasma energy (machine-specific formulas). Candidate: summary/global_quantities/energy_thermal (already mapped to WKIN from kinetic measurements). WTH and WKIN are different estimates of the same quantity. Suggest mapped_caveat + needs_source noting the estimation method, or temporary to avoid collision with WKIN.",,,,,,
PL,,,constant_float0d(:),,,Estimated loss power not corrected for charge exchange and unconfined orbit losses in watts. Machine-specific formula differs per tokamak (POHM + heating powers - dW/dt terms).,,,temporary,,identity,,,,,
PLTH,,W,,FLT_1D,summary/global_quantities/power_loss,Estimated loss power corrected for charge exchange and unconfined orbit losses in watts. Defined as PLTH = PL - PFLOSS.,Power through separatrix,dynamic,mapped,,identity,,TRUE,,,
TAUTOT,,,,,,Estimated total energy confinement time in seconds. Defined as WTOT/PL.,,,,Total energy confinement time = WTOT/PL. Candidate: summary/global_quantities/tau_energy (already claimed by TAUDIA and TAUMHD with different definitions). Multiple TAUX variables mapping to same path is a conflict. Suggest temporary.,,,,,,
TAUTH,,,,,,Estimated thermal energy confinement time in seconds. Defined as WTH/PLTH.,,,,Thermal energy confinement time = WTH/PLTH. Same tau_energy conflict as TAUTOT. Candidate note only: summary/global_quantities/tau_energy with mapped_caveat. Suggest temporary.,,,,,,
TAUC92,,,,,,"Correction factor for thermal confinement time TAUTH (Kardaun et al., Plasma Phys. Control. Nucl. Fus. Res. 3 (1993) 251). ASDEX: 1/(1.5-0.1 bo-0.15 ca) for ELMy or 1/(1.2-0.1 bo-0.15 ca) ELM-free (bo=1 if EVAP=BOROA/BOROB; ca=1 if EVAP=CARBH). JET: 1/0.85 if 870101<=DATE<=871231. PDX: 1/((1/3)(DALFDV/DALFMP))^0.4 for ELMy. Else TAUC92=1.",,,discard,Confinement time correction factor per Kardaun et al. 1993. Database-specific empirical factor; no IMAS DD equivalent. Suggest temporary.,,,,,,
TAUC93,,,,,,"Correction factor for thermal confinement time TAUTH (Schissel et al., EPS Vol. 17C Part I (1993) 103). ASDEX: Same formula as TAUC92. PDX: 1/((1/2)(DALFDV/DALFMP))^0.4 for ELMy. Else TAUC93=1.",,,discard,Confinement time correction factor per Schissel et al. 1993. Database-specific; no DD equivalent. Suggest temporary.,,,,,,
H89,,,,,,"Enhancement factor TAUTOT x TAUC92 / ITER89-P. Scaling reference: Yushmanov et al., Nuclear Fusion 30 (1990).",,,discard,"H-factor H89 = TAUTOT×TAUC92/ITER89-P. summary/global_quantities/h_98 stores H98(y,2) only; no h_89 field exists. Suggest temporary or derived.",,,,,,
HITERL96,,,,,,"Enhancement factor TAUTH x TAUC92 / ITERL96-P. Scaling reference: Kaye et al., Nuclear Fusion 37 (1997) 1303.",,,discard,H-factor for L-mode ITERL96-P scaling. No specific h_l96 DD field found. Suggest temporary.,,,,,,
H93,,,,,,"Enhancement factor TAUTH x TAUC92 / ITERH93-P. Scaling reference: Schissel et al., EPS Vol. 17C Part I (1993) 103.",,,discard,H-factor for ITERH93-P scaling. No h_93 DD field found. Suggest temporary.,,,,,,
HITER92Y,,,,,,"Enhancement factor TAUTH x TAUC92 / ITERH92Y. Scaling reference: Kardaun et al., Plasma Phys. Control. Nucl. Fus. Res. 3 (1993) 251.",,,discard,H-factor for ITERH92Y scaling. No h_92y DD field found. Suggest temporary.,,,,,,
HEPS97,,,,,,"Enhancement factor TAUTH x TAUC93 / EPS97(ELMy). Scaling reference: Cordey et al., Plasma Phys. Control. Fusion 39 (1997) B115.",,,discard,H-factor for EPS97(ELMy) scaling. No h_eps97 DD field found. Suggest temporary.,,,,,,
HIPB98y,,,,,,"Enhancement factor TAUTH x TAUC92 / IPB98(y). Scaling reference: ITER Physics Basis Ch.2, Nuclear Fusion 39 (1999) 2175.",,,discard,"H-factor for IPB98(y) (no subscript). Candidate: summary/global_quantities/h_98 stores H98(y,2). IPB98(y) ≠ IPB98(y,2); different regression fit. Mapping would be an approximation. Caveat: TAUC92 correction also applied. Suggest temporary.",,,,,,
HIPB98y1,,,,,,"Enhancement factor TAUTH x TAUC92 / IPB98(y,1). Scaling reference: ITER Physics Basis Ch.2, Nuclear Fusion 39 (1999) 2175.",,,discard,"H-factor for IPB98(y,1) variant. Suggest temporary; no specific h_98y1 DD field found.",,,,,,
HIPB98y2,,,,,,"Enhancement factor TAUTH x TAUC92 / IPB98(y,2). Scaling reference: ITER Physics Basis Ch.2, Nuclear Fusion 39 (1999) 2175.",,,discard,"H-factor for IPB98(y,2) = standard H98 factor. Candidate: summary/global_quantities/h_98 (confirmed exists, defined as τ_E/τ_IPB98(y,2)). Caveat: DB4v5 applies TAUC92 correction (HIPB98y2 = TAUTH×TAUC92/IPB98(y,2)), whereas DD h_98 = τ_E/τ_IPB98(y,2) without TAUC92. If TAUC92≠1 for this dataset (boronised ASDEX, JET pre-88), the values differ. Suggest mapped_caveat with this noted.",,,,,,
HIPB98y3,,,,,,"Enhancement factor TAUTH x TAUC92 / IPB98(y,3). Scaling reference: ITER Physics Basis Ch.2, Nuclear Fusion 39 (1999) 2175.",,,discard,"H-factor for IPB98(y,3) variant. Suggest temporary; no h_98y3 DD field found.",,,,,,
HIPB98y4,,,,,,"Enhancement factor TAUTH x TAUC92 / IPB98(y,4). Scaling reference: ITER Physics Basis Ch.2, Nuclear Fusion 39 (1999) 2175.",,,discard,"H-factor for IPB98(y,4) variant. Suggest temporary; no h_98y4 DD field found.",,,,,,
OMGAIMP0,,,,,,Rotation frequency of impurities in center of plasma in rad/s. W = Vtor/Rlocal where Rlocal is R at the point of measurement.,,,,Impurity rotation frequency at plasma center (rad/s). DD stores velocity_phi (m/s) per species at magnetic_axis. Candidate: summary/local/magnetic_axis/velocity_phi/<impurity_species> with formula transform ω = v_phi / RGEO. Caveat: species (Carbon/Oxygen/etc.) is machine-specific. Suggest temporary until species is standardized.,,,,,,
OMGAIMPH,,,,,,Rotation frequency of impurities at the half radius in rad/s. W = Vtor/Rlocal where Rlocal is R at the point of measurement.,,,,Impurity rotation frequency at half-radius (rad/s). DD has velocity_phi at magnetic_axis only in summary; no half-radius location. Suggest temporary.,,,,,,
OMGAM0,,,,,,Rotation frequency of the main plasma species in the center in rad/s. W = Vtor/Rlocal.,,,,"Main plasma species rotation frequency at center (rad/s). Candidate: summary/local/magnetic_axis/velocity_tor/deuterium (m/s) with formula ω = v_tor/RGEO. Caveat: frequency vs velocity distinction, and species (D/H) varies. Suggest temporary.",,,,,,
OMGAMH,,,,,,Rotation frequency of main plasma species at the half radius in rad/s. W = Vtor/Rlocal.,,,,Main plasma rotation frequency at half-radius. No half-radius rotation in summary. Suggest temporary.,,,,,,
SPIN,,,,,,"Net fraction of NBI power in the parallel direction. Positive for co-injection, negative for counter-injection. Computed from beam geometry angles relative to the geometric axis.",,,,"Net fraction of NBI power in parallel direction: SPIN = (P_co - P_ctr) / P_total. summary/heating_current_drive/power_launched_nbi_co_injected_ratio (already COCTR) = P_co/P_total. SPIN = 2×COCTR - 1 if beams are purely co or counter. Suggest derived (formula: 2×COCTR - 1), or temporary for asymmetric configurations.",,,,,,
TORQ,,,,,,"Torque on the plasma due to neutral beam injection in Newton-meters. Computed summing over beam sources and energy components (full, half, one-third), using beam energy, mass, power and tangency radius.",,,,NBI torque on plasma (N·m). No summary/global_quantities/torque field found. Candidate: nbi/unit(:)/torque or core_sources/source/global_quantities/torque_tor. Not a simple summary scalar. Suggest temporary.,,,,,,
TORQBM,,,,,,Volume-integrated torque due to beam (as calculated in TRANSP) in Newton-meters. Equals TORQ if no TRANSP calculation exists.,,,,Volume-integrated beam torque from TRANSP (N·m). Equals TORQ if no TRANSP calculation. Candidate: same as TORQ note above. Suggest temporary.,,,,,,
TORQIN,,,,,,Volume-integrated total input torque (beam torque + torque from applied or intrinsic error fields) in Newton-meters. Equals TORQBM if no additional torques to consider.,,,,Total input torque including error-field contributions (N·m). No DD path found. Suggest temporary.,,,,,,
VTOR0,,,,,,Toroidal velocity at center of plasma. Definition to come.,,,,Toroidal velocity at plasma center. 'Definition to come' in source PDF. Candidate when defined: summary/local/magnetic_axis/velocity_tor/deuterium (m/s). Suggest temporary.,,,,,,
VTORV,,,,,,Volume-averaged toroidal velocity. Definition to come.,,,,Volume-averaged toroidal velocity. Candidate: summary/volume_average/velocity_tor if it exists. Suggest temporary.,,,,,,
VTORIMP,,,,,,Toroidal velocity of impurities. Definition to come. Set to NONE. Standard dataset flags.,,,,Impurity toroidal velocity. Set to NONE in DB. Candidate: summary/local/magnetic_axis/velocity_phi/<impurity_species> (m/s). Suggest temporary.,,,,,,
STANDARD,,,,,,Standard dataset flag. Can only be non-zero for observations in DB.1. Possible values: 1 = observation belonged to standard dataset of ITERH.DB1; 0 = all other observations.,,,discard,Standard dataset flag (DB.1 membership). Database selection/bookkeeping; no IMAS DD physics equivalent. Suggest temporary or discard.,,,,,,
SELDB1,,,constant_integer0d(:),,,"Flagging variable making connections to DB.1. Can only be non-zero for observations in DB.2. SELDB1 = sum a(I.n) x 10^(n-1), n=1-3. I.1: also in DB.1; I.2: in DB.1 and satisfied old standard selection; I.3: satisfies DB.1 standard selection now.",,,discard,"Selection flag: summary/tag/name is a single string already claimed by SELEC2007, so it cannot hold further flags; suggest temporary like the other SELDB* rows.",,,,,,
SELDB2,,,,,,"Flagging variable for standard selection in DB.2. SELDB2 = sum a(II.n) x 10^(n-1), n=1-10. Bit flags encode: H-mode criterion (II.1), NBI-only with H/D injection (II.2), missing confinement data (II.3), no pellets (II.4), weak dW/dt (II.5), radiation < 60% (II.6), and others. Full logic in DB4v5 PDF entry 164. [...]",,,discard,See SELDB1. | csv_description truncated from 3544 chars; full flag-code/lookup table in DB4v5 PDF entry 164.,,,,,,
SELDB2X,,,,,,"Flagging variable for extra selection criteria in DB.2. SELDB2X = sum a(II.n) x 10^(n-11), n=11-20. Bit flags: high compression ratio (II.11), no hot-ion H-modes (II.12), ELMs present (II.13), strong auxiliary heating (II.14), stationary density (II.15), strong dW/dt (II.16), low Q95 limit (II.17), no beryllisation (II.18), no boronisation (II.19), no carbonization (II.20). Full logic in DB4v5 PDF entry 165.",,,discard,Extra selection flag for DB.2. Database selection/bookkeeping; no IMAS DD equivalent. Suggest temporary.,,,,,,
IAEA92,,,,,,"Standard dataset flag. Can only be non-zero for observations in DB.2. Value 1: ELMy observations in ITERH92-P(y) subset (Kardaun et al., Plasma Phys. Control. Nucl. Fus. Res. 3 (1993) 251). Value 0: all other observations.",,,discard,Dataset flag: ITERH92-P(y) ELMy subset (Kardaun 1993). No IMAS DD equivalent. Suggest temporary.,,,,,,
DB2P5,,,,,,"Standard dataset flag. Can only be non-zero for observations in DB.3v5. Value 1: ELMy observations in subset DB2.5 (JET Report JET P(98)17 / ITER Physics Basis Ch.2, NF 39 (1999) 2175). Value 0: all other.",,,discard,Dataset flag: DB2.5 ELMy subset (ITER Physics Basis 1999). No IMAS DD equivalent. Suggest temporary.,,,,,,
DB2P8,,,,,,"Standard dataset flag. Can only be non-zero for observations in DB.3v5. Value 1: ELMy observations in subset DB2.8 (JET Report JET P(98)17 / ITER Physics Basis Ch.2, NF 39 (1999) 2175). Value 0: all other.",,,discard,Dataset flag: DB2.8 ELMy subset (ITER Physics Basis 1999). No IMAS DD equivalent. Suggest temporary.,,,,,,
DB3IS,,,,,,"Standard dataset flag. Can only be non-zero for observations in DB.3v5. Value 1: ELMy observations in subset DB3r(IS) (JET Report JET P(98)17 / ITER Physics Basis Ch.2, NF 39 (1999) 2175). Value 0: all other.",,,discard,Dataset flag: DB3r(IS) subset. No IMAS DD equivalent. Suggest temporary.,,,,,,
DB3V5,,,,,,"Standard dataset flag. Can only be non-zero for observations in DB.3v5. Value 1: standard dataset selection for DB3v5 (JET Report JET P(98)17 / ITER Physics Basis Ch.2, NF 39 (1999) 2175). Value 0: all other.",,,discard,Dataset flag: DB3v5 standard selection. No IMAS DD equivalent. Suggest temporary.,,,,,,
IAE2000N,,,,,,"Standard dataset flag. See SELDB3X for selection details. Value 1: small IAEA2000 standard dataset (Kardaun et al., Fusion Energy 2000, IAEA Vienna 2001). Value 0: all other.",,,discard,Dataset flag: small IAEA2000 standard set (Kardaun 2001). No IMAS DD equivalent. Suggest temporary.,,,,,,
IAE2000X,,,,,,"Standard dataset flag. See SELDB3X for selection details. Value 1: large IAEA2000 standard dataset (Kardaun et al., Fusion Energy 2000, IAEA Vienna 2001). Value 0: all other.",,,discard,Dataset flag: large IAEA2000 standard set (Kardaun 2001). No IMAS DD equivalent. Suggest temporary.,,,,,,
HMWS2003,,,,,,"Standard dataset flag. See SELDB3X for selection details. Value 1: deuterium-only standard dataset (Kardaun et al., H-mode Workshop San Diego 2003). Value 0: all other.",,,discard,Dataset flag: H-mode Workshop 2003 deuterium-only subset. No IMAS DD equivalent. Suggest temporary.,,,,,,
IAE2004S,,,,,,"Standard dataset flag. See SELDB3X for selection details. Value 1: IAEA2004 standard dataset (Cordey et al., Fusion Energy 2004, IAEA Vienna 2004). Value 0: all other.",,,discard,Dataset flag: IAEA2004 standard set (Cordey 2004). No IMAS DD equivalent. Suggest temporary.,,,,,,
IAE2004I,,,,,,"Standard dataset flag. See SELDB3X for selection details. Value 1: ITER-like standard dataset (Cordey et al., Fusion Energy 2004, IAEA Vienna 2004). Value 0: all other.",,,discard,Dataset flag: IAEA2004 ITER-like subset. No IMAS DD equivalent. Suggest temporary.,,,,,,
DB3DONLY,,,,,,"Standard dataset flag. See SELDB3X for selection details. Value 1: deuterium-only standard dataset (McDonald et al., Nuclear Fusion). Value 0: all other.",,,discard,Dataset flag: deuterium-only subset (McDonald et al.). No IMAS DD equivalent. Suggest temporary.,,,,,,
HMWS2005,,,,,,"Standard dataset flag. See SELDB3X for selection details. Value 1: standard dataset from 2005 H-mode Workshop (Kaye et al., St. Petersburg Sept 2005) for 1.6 <= kappa <= 2.43 and 1.6 <= MEFF <= 2.4, excluding TCV and JT60U. Includes 36 PBXM data points. Value 0: all other.",,,discard,Dataset flag: H-mode Workshop 2005 subset (Kaye et al.). No IMAS DD equivalent. Suggest temporary.,,,,,,
OJK2006,,,,,,Standard dataset flag. Value 1: standard dataset as defined in Kardaun et al. (2006). Value 0: all other observations.,,,discard,Dataset flag: Kardaun et al. 2006 subset. No IMAS DD equivalent. Suggest temporary.,,,,,,
SELDB3,,,,,,"Flagging variable for standard selection in DB.3. SELDB3 = sum a(III.n) x 10^(n-1), n=1-10. Bit flags: H-mode criterion (III.1), no missing confinement data (III.2), no pellets (III.3), weak dW/dt (III.4), radiation < 60% (III.5), and others. Full logic (including tokamak-specific exceptions) in DB4v5 PDF entry 179. [...]",,,discard,Dataset selection flag for DB.3 standard set. No IMAS DD equivalent. Suggest temporary. (Description truncated; full logic in DB4v5 PDF entry 179.),,,,,,
SELDB3X,,,,,,"Flagging variable for extra selection criteria in DB.3. SELDB3X = sum a(III.n) x 10^(n-11), n=11-16. Bit flags: withdrawn data (III.11), strong gas puff (III.12), Ti0/Te0 ratio limit (III.13), internal inductance limit (III.14), large/small IAEA2000 equivalent datasets (III.15/16). Full logic in DB4v5 PDF entry 180. [...]",,,discard,Dataset extra-selection flag for DB.3. No IMAS DD equivalent. Suggest temporary. (Description truncated; full logic in DB4v5 PDF entry 180.),,,,,,
SELDB4,,,,,,"Flagging variable for new standard selection. SELDB4 = sum a(IV.n) x 10^(n-1), n=1-10. IV.1 Hybrid H-mode criterion: a(IV.1) = 1 if HYBRID = YES, HYBRID or IH.",,,discard,Dataset selection flag for DB.4 standard set (hybrid H-mode criterion). No IMAS DD equivalent. Suggest temporary.,,,,,,
,,,,,,,,,,,,,,,,
,,,,,,,,,,,,,,,,
,,,,,,,,,,,,,,,,
,,,,,,,,,,,,,,,,
,,,,,,,,,,,,,,,,
,,,,,,,,,,,,,,,,
,,,,,,,,,,,,,,,,
,,,,,,,,,,,,,,,,
,,,,,,,,,,,,,,,,
,,,,,,,,,,,,,,,,
,,,,,,,,,,,,,,,,
,,,,,,,,,,,,,,,,
,,,,,,,,,,,,,,,,
,,,,,,,,,,,,,,,,
,,,,,,,,,,,,,,,,
,,,,,,,,,,,,,,,,
,,,,,,,,,,,,,,,,
,,,,,,,,,,,,,,,,
