csv_column,csv_unit,imas_unit,csv_dtype,imas_dtype,imas_path,csv_description,imas_standard_name,imas_description,kind,status,notes,transform,transform_args,needs_source,source_fields,source,
TOK,,,,STR_0D,summary/machine,Tokamak which has supplied the data.,,Name of the experimental device to which this data is related (if relevant),constant,mapped,"Device name as string. .strip() whitespace due to data quality issue (dual use of ""CMOD""and "" CMOD""). Transform is identity subject to preprocessing.",formula,TOK.strip(),,,,
SHOT,,,,INT_0D,summary/pulse,Pulse number.,,Pulse number to which this data is related (if relevant),constant,mapped,Pulse/shot number as int. ,identity,,,,,
TIME,s,,,,summary/time(0),Time in the pulse at which the data has been taken in s.,,,,mapped,Reference slice time. Constraint: summary.time is a 0d array.,identity,,,,,
RGEO,m,m,,FLT_1D,summary/boundary/geometric_axis_r,"The plasma geometrical major radius in meters, from an MHD equilibrium fit, defined as the average of the minimum and the maximum radial extent of the plasma.",,R position of the geometric axis (defined as (Rmax+Rmin) / 2 of the boundary),dynamic,mapped,"Geometric radius rmax-rmin/2. Value source pair. One-to-two mapping, manual transform. ",identity,,TRUE,,MHD equilibrium fit,
AMIN,m,m,,FLT_1D,summary/boundary/minor_radius,The horizontal plasma minor radius in meters from an MHD equilibrium fit.,,Minor radius of the plasma boundary (defined as (Rmax-Rmin) / 2 of the boundary),dynamic,mapped,Horizontal plasma minor radius.,identity,,TRUE,,MHD equilibrium fit,
KAPPA,1,1,,FLT_1D,summary/boundary/elongation,The plasma elongation determined from an MHD equilibrium fit.,,Elongation of the plasma boundary,dynamic,mapped,Plasma elongation. ,identity,,TRUE,,MHD equilibrium fit,
SPLASMA,m^2,,dynamic_float1d(:),,equilibrium/time_slice(0)/global_quantities/surface,Separatrix surface area from an MHD equilibrium fit in m2.,area_of_separatrix,,,temporary,"Noteworthy that this is in equilibrium, not summary/global_quantities",identity,,,,,
IGRADB,,,constant_float0d(:),,,Direction of the ion grad-B drift. 1 is towards the X-point.,,,,temporary,"This depends on the sign of the toroidal field (summary/global_quantities/b0), and the divertor configuration. All TC-26 data is lower, single-null. This quantity is derived from a function of sgn(B_t) and summary/boundary/type?",,,,,,
WALMAT,,,,INT_0D,summary/wall/material/index,Material of the plasma facing component in the main chamber.,,Integer identifier (enumeration index within a list). Private identifier values must be indicated by a negative index.,static,mapped,Map to identifier,dictionary,"{""MO"": 11, ""W"":2, ""Be"": 10}",,,,
LIMMAT,,,,INT_0D,summary/limiter/material/index,Material of plasma facing components on the limiters.,,Integer identifier (enumeration index within a list). Private identifier values must be indicated by a negative index.,static,mapped,Map to identifier,dictionary,"{""MO"": 11, ""W"":2, ""Be"": 10}",,,,
BT,T,T,,FLT_1D,summary/global_quantities/b0,The vacuum toroidal magnetic field at RGEO in T.,,Vacuum toroidal field at R0. Positive sign means anti-clockwise when viewed from above. The product R0B0 must be consistent with the b_tor_vacuum_r field of the tf IDS.,dynamic,mapped,Vacuum toroidal magnetic field at r0 = RGEO through summary.global_quantities.r0.value,identity,,TRUE,,,
IP,A,A,,FLT_1D,summary/global_quantities/ip,The plasma current in A.,,Total plasma current (toroidal component). Positive sign means anti-clockwise when viewed from above.,dynamic,mapped,Total plasma current,identity,,TRUE,,,
Q95,1,1,,FLT_1D,summary/global_quantities/q_95,The plasma safety factor from the MHD equilibrium fit evaluated at the flux surface that encloses 95% of the total poloidal flux.,,q at the 95% poloidal flux surface (only positive when toroidal current and magnetic field are in same direction),dynamic,mapped,Safety factor,identity,,TRUE,,MHD equilibrium fit,
NEL,m^-3,m^-3,,FLT_1D,summary/line_average/n_e,Line averaged electron density from a core interferometer line of sight in m-3.,,Electron density,dynamic,mapped,,identity,,TRUE,,Core interferometer line of sight ,
ZEFF,1,1,,FLT_1D,summary/line_average/zeff,Line average plasma effective charge determined from visible bremsstrahlung.,,Effective charge,dynamic,mapped,,identity,,TRUE,,Visible bremsstrahlung,
DIVNAME,,,constant_string0d(:),,divertors/divertor(0)/name,Divertor name for each tokamak.,,,,temporary,Transform is manual since handling indexed paths needs to be figured out,identity,,,,,
EVAP,,,,STR_0D,summary/wall/evaporation,The evaporated material used to cover the inside of the vessel. BOR = boronization.,,Chemical formula of the evaporated material or gas used to cover the vaccum vessel wall. NONE for no evaporation.,static,mapped,,identity,,TRUE,,,
PLTH,W,W,,FLT_1D,summary/global_quantities/power_loss,Loss Power corrected for charge exchange and unconfined orbit losses in W. PLTH=PL-PFLOSS.,,Power through separatrix,dynamic,mapped,"(TC26: Loss Power corrected for charge exchange and unconfined orbit
losses in W. PLTH=PL-PFLOSS.) ? ",identity,,TRUE,,,
DIVMAT,,,constant_string0d(:),,divertors/divertor(0)/description,Material of the plasma facing components in the divertor.,material_of_divertor_tile,,,temporary,"Offputting that this does not live in summary. Also, is ""description"" an appropriate place for material?",identity,,,,,
PRADCORE,W,W,,FLT_1D,summary/global_quantities/power_radiated_inside_lcfs,"Core radiation from bolometry in W. For JET and AUG this comes from a tomographic reconstruction integrated to r/a=0.95. For C-Mod this comes from the inverted emissivity profile from lines of sight horizontally looking at the midplane, integrated to r/a=1.",,Radiated power from the plasma inside the Last Closed Flux Surface,dynamic,mapped,"(TC26: Core radiation from bolometry in W. For JET and AUG
this comes from a tomographic reconstruction integrated to r/a=0.95. For
C-Mod this comes from the inverted emissivity profile from lines of sight
horizontally looking at the midplane, integrated to r/a=1.)  Candidates are power_radiated_inside_lcfs, or power_radiated.",identity,,TRUE,,"{""JET"": ""Tomographic reconstruction integrated to r/a=0.95"", ""AUG"": ""Tomographic reconstruction integrated to r/a=0.95"", ""CMOD"": ""Inverted emissivity profile from lines of sight horizontally looking at the midplane, integrated to r/a=1""}",
DIVCON,,,constant_string1d(:),,divertors/divertor(0)/description,Magnetic configuration in the divertor.,,,,temporary,Is description ~ configuration?,identity,,,,,
SELEC2024,,,dynamic_integer1d(:),,,"1 if selected for the TC-26 high density branch scalings, 0 otherwise.",,,,temporary,,identity,,,,,
CONFIG,,,,INT_1D,summary/boundary/type,"Plasma configuration. All TC-26 data is single null with the X-point at the bottom of the machine, noted as SN(B) or SN(L). (map to LSN)",,"0 (limiter), 1 (diverted), 11 (LSN), 12 (USN), 13 (DN), 14 (snowflake)",dynamic,mapped,"All TC26 rows are 11 (LSN). However this is lossy for the (B), (L) distinction, and it is unclear what that even is? Perhaps B, L can be stored in .source",dictionary,"{""SN"":11, ""SN(B)"":11, ""SN(L)"":11}",TRUE,,,
PHASE,,,constant_string1d(:),,,Confinement phase of the discharge at which the data is taken (LH is L-mode just before the transition).,,,,temporary,"Flags other than LH occur only for AUG. Is it an acceptable loss of information? Regardless, the summary.H_mode flag is not descriptive of LH. Tentatively in h_mode flag, with .source having more complete information",identity,,,,,
PGASA,u,u,,FLT_1D,summary/volume_average/meff_hydrogenic,Effective mass number of the plasma fuel ions. This ranges from 1 to 3 in the database.,,Effective mass of the hydrogenic species (MH. nH+MD.nD+MT.nT)/(nH+nD+nT)  ,dynamic,mapped,,identity,,TRUE,,,
LHTIME,,,dynamic_float1d(:),,,L-H transition time in s.,,,,temporary,time.width?,identity,,,,,
AUXHEAT,,,constant_string1d(:),,core_sources/source(:)/identifier/index,"Auxilliary heating method. Options are NB, IC, EC and combinations thereof.",,,,temporary,"core_source identifier. Additional source for each kind, so concatenations like NBIC -> core_source.source(0):NB and core_source.source(1):IC. Conditional one to many + dict transform… Perhaps we could have a dictionary of arrays/tuples? ",identity,"{""NB"": 2, ""IC"": 5, ""EC"": 3, ""NBIC"": [2, 5], ""NBEC"": [2, 3], ""ECIC"": [3, 5], ""NBICEC"": [2, 5, 3]}",,,,
PFLOSS,,,dynamic_float1d(:),,,Charge exchange and unconfined orbit losses in W.,power_due_to_first_orbit_loss + power_due_to_charge_exchange,,,temporary,power_due_to_first_orbit_loss + power_due_to_charge_exchange,identity,,,,,
PL,,,,,,Loss Power not corrected for charge exchange and unconfined orbit losses in W.,,,,derived,PL = PLTH + PFLOSS,identity,,,,,
